<?xml version="1.0" encoding="UTF-8"?>
<configurationDescriptor version="100">
  <logicalFolder name="root" displayName="root" projectFiles="true" kind="ROOT">
    <logicalFolder name="HeaderFiles"
                   displayName="Header Files"
                   projectFiles="true">
      <itemPath>Camera.h</itemPath>
      <itemPath>Card.h</itemPath>
      <itemPath>Deck.h</itemPath>
      <itemPath>DrawableObject.h</itemPath>
      <itemPath>Game.h</itemPath>
      <itemPath>Player.h</itemPath>
      <itemPath>Rectangle.h</itemPath>
      <itemPath>SFMLApplication.h</itemPath>
      <itemPath>Shader.hpp</itemPath>
      <itemPath>Texture.hpp</itemPath>
      <itemPath>Triangle.hpp</itemPath>
      <itemPath>lodepng.h</itemPath>
    </logicalFolder>
    <logicalFolder name="ResourceFiles"
                   displayName="Resource Files"
                   projectFiles="true">
    </logicalFolder>
    <logicalFolder name="SourceFiles"
                   displayName="Source Files"
                   projectFiles="true">
      <itemPath>Camera.cpp</itemPath>
      <itemPath>Card.cpp</itemPath>
      <itemPath>Deck.cpp</itemPath>
      <itemPath>Game.cpp</itemPath>
      <itemPath>Player.cpp</itemPath>
      <itemPath>Rectangle.cpp</itemPath>
      <itemPath>SFMLApplication.cpp</itemPath>
      <itemPath>Shader.cpp</itemPath>
      <itemPath>Texture.cpp</itemPath>
      <itemPath>Triangle.cpp</itemPath>
      <itemPath>lodepng.cpp</itemPath>
      <itemPath>main.cpp</itemPath>
    </logicalFolder>
    <logicalFolder name="TestFiles"
                   displayName="Test Files"
                   projectFiles="false"
                   kind="TEST_LOGICAL_FOLDER">
    </logicalFolder>
    <logicalFolder name="ExternalFiles"
                   displayName="Important Files"
                   projectFiles="false"
                   kind="IMPORTANT_FILES_FOLDER">
      <itemPath>Makefile</itemPath>
    </logicalFolder>
  </logicalFolder>
  <projectmakefile>Makefile</projectmakefile>
  <confs>
    <conf name="Debug" type="1">
      <toolsSet>
        <compilerSet>default</compilerSet>
        <dependencyChecking>true</dependencyChecking>
        <rebuildPropChanged>false</rebuildPropChanged>
      </toolsSet>
      <compileType>
        <linkerTool>
          <commandLine>-lsfml-graphics -lsfml-window -lsfml-system -lGLEW -lGL</commandLine>
        </linkerTool>
      </compileType>
      <item path="Camera.cpp" ex="false" tool="1" flavor2="0">
      </item>
      <item path="Camera.h" ex="false" tool="3" flavor2="0">
      </item>
      <item path="Card.cpp" ex="false" tool="1" flavor2="0">
      </item>
      <item path="Card.h" ex="false" tool="3" flavor2="0">
      </item>
      <item path="Deck.cpp" ex="false" tool="1" flavor2="0">
      </item>
      <item path="Deck.h" ex="false" tool="3" flavor2="0">
      </item>
      <item path="DrawableObject.h" ex="false" tool="3" flavor2="0">
      </item>
      <item path="Game.cpp" ex="false" tool="1" flavor2="0">
      </item>
      <item path="Game.h" ex="false" tool="3" flavor2="0">
      </item>
      <item path="Player.cpp" ex="false" tool="1" flavor2="0">
      </item>
      <item path="Player.h" ex="false" tool="3" flavor2="0">
      </item>
      <item path="Rectangle.cpp" ex="false" tool="1" flavor2="0">
      </item>
      <item path="Rectangle.h" ex="false" tool="3" flavor2="0">
      </item>
      <item path="SFMLApplication.cpp" ex="false" tool="1" flavor2="0">
      </item>
      <item path="SFMLApplication.h" ex="false" tool="3" flavor2="0">
      </item>
      <item path="Shader.cpp" ex="false" tool="1" flavor2="0">
      </item>
      <item path="Shader.hpp" ex="false" tool="3" flavor2="0">
      </item>
      <item path="Texture.cpp" ex="false" tool="1" flavor2="0">
      </item>
      <item path="Texture.hpp" ex="false" tool="3" flavor2="0">
      </item>
      <item path="Triangle.cpp" ex="false" tool="1" flavor2="0">
      </item>
      <item path="Triangle.hpp" ex="false" tool="3" flavor2="0">
      </item>
      <item path="lodepng.cpp" ex="false" tool="1" flavor2="0">
      </item>
      <item path="lodepng.h" ex="false" tool="3" flavor2="0">
      </item>
      <item path="main.cpp" ex="false" tool="1" flavor2="0">
      </item>
    </conf>
    <conf name="Release" type="1">
      <toolsSet>
        <compilerSet>default</compilerSet>
        <dependencyChecking>true</dependencyChecking>
        <rebuildPropChanged>false</rebuildPropChanged>
      </toolsSet>
      <compileType>
        <cTool>
          <developmentMode>5</developmentMode>
        </cTool>
        <ccTool>
          <developmentMode>5</developmentMode>
        </ccTool>
        <fortranCompilerTool>
          <developmentMode>5</developmentMode>
        </fortranCompilerTool>
        <asmTool>
          <developmentMode>5</developmentMode>
        </asmTool>
      </compileType>
      <item path="Camera.cpp" ex="false" tool="1" flavor2="0">
      </item>
      <item path="Camera.h" ex="false" tool="3" flavor2="0">
      </item>
      <item path="Card.cpp" ex="false" tool="1" flavor2="0">
      </item>
      <item path="Card.h" ex="false" tool="3" flavor2="0">
      </item>
      <item path="Deck.cpp" ex="false" tool="1" flavor2="0">
      </item>
      <item path="Deck.h" ex="false" tool="3" flavor2="0">
      </item>
      <item path="DrawableObject.h" ex="false" tool="3" flavor2="0">
      </item>
      <item path="Game.cpp" ex="false" tool="1" flavor2="0">
      </item>
      <item path="Game.h" ex="false" tool="3" flavor2="0">
      </item>
      <item path="Player.cpp" ex="false" tool="1" flavor2="0">
      </item>
      <item path="Player.h" ex="false" tool="3" flavor2="0">
      </item>
      <item path="Rectangle.cpp" ex="false" tool="1" flavor2="0">
      </item>
      <item path="Rectangle.h" ex="false" tool="3" flavor2="0">
      </item>
      <item path="SFMLApplication.cpp" ex="false" tool="1" flavor2="0">
      </item>
      <item path="SFMLApplication.h" ex="false" tool="3" flavor2="0">
      </item>
      <item path="Shader.cpp" ex="false" tool="1" flavor2="0">
      </item>
      <item path="Shader.hpp" ex="false" tool="3" flavor2="0">
      </item>
      <item path="Texture.cpp" ex="false" tool="1" flavor2="0">
      </item>
      <item path="Texture.hpp" ex="false" tool="3" flavor2="0">
      </item>
      <item path="Triangle.cpp" ex="false" tool="1" flavor2="0">
      </item>
      <item path="Triangle.hpp" ex="false" tool="3" flavor2="0">
      </item>
      <item path="lodepng.cpp" ex="false" tool="1" flavor2="0">
      </item>
      <item path="lodepng.h" ex="false" tool="3" flavor2="0">
      </item>
      <item path="main.cpp" ex="false" tool="1" flavor2="0">
      </item>
    </conf>
  </confs>
</configurationDescriptor>
