<?xml version="1.0" encoding="UTF-8"?>
<project-private xmlns="http://www.netbeans.org/ns/project-private/1">
    <data xmlns="http://www.netbeans.org/ns/make-project-private/1">
        <activeConfTypeElem>1</activeConfTypeElem>
        <activeConfIndexElem>0</activeConfIndexElem>
    </data>
    <editor-bookmarks xmlns="http://www.netbeans.org/ns/editor-bookmarks/2" lastBookmarkId="0"/>
    <open-files xmlns="http://www.netbeans.org/ns/projectui-open-files/2">
        <group>
            <file>file:/home/john/CSC5210_Project4/WarProject4/AmbientLight.hpp</file>
            <file>file:/home/john/CSC5210_Project4/WarProject4/main.cpp</file>
            <file>file:/home/john/CSC5210_Project4/WarProject4/DrawableObject.h</file>
            <file>file:/home/john/CSC5210_Project4/WarProject4/Card.cpp</file>
            <file>file:/home/john/CSC5210_Project4/WarProject4/SFMLApplication.h</file>
            <file>file:/home/john/CSC5210_Project4/WarProject4/Texture.cpp</file>
            <file>file:/home/john/CSC5210_Project4/WarProject4/Player.cpp</file>
            <file>file:/home/john/CSC5210_Project4/WarProject4/Light.cpp</file>
            <file>file:/home/john/CSC5210_Project4/WarProject4/SFMLApplication.cpp</file>
            <file>file:/home/john/CSC5210_Project4/WarProject4/Deck.cpp</file>
            <file>file:/home/john/CSC5210_Project4/WarProject4/Light.hpp</file>
            <file>file:/home/john/CSC5210_Project4/WarProject4/Game.cpp</file>
            <file>file:/home/john/CSC5210_Project4/WarProject4/AmbientLight.cpp</file>
            <file>file:/home/john/CSC5210_Project4/WarProject4/Rectangle.cpp</file>
            <file>file:/home/john/CSC5210_Project4/WarProject4/Game.h</file>
        </group>
    </open-files>
</project-private>
